{
  "GET Ticket" : {
    "transaction" : "GET Ticket",
    "sampleCount" : 170,
    "errorCount" : 0,
    "errorPct" : 0.0,
    "meanResTime" : 6.335294117647057,
    "medianResTime" : 6.0,
    "minResTime" : 4.0,
    "maxResTime" : 10.0,
    "pct1ResTime" : 7.900000000000006,
    "pct2ResTime" : 8.0,
    "pct3ResTime" : 10.0,
    "throughput" : 17.359338302869396,
    "receivedKBytesPerSec" : 11.531076087511488,
    "sentKBytesPerSec" : 2.305537118349842
  },
  "Total" : {
    "transaction" : "Total",
    "sampleCount" : 510,
    "errorCount" : 0,
    "errorPct" : 0.0,
    "meanResTime" : 4.872549019607845,
    "medianResTime" : 4.0,
    "minResTime" : 2.0,
    "maxResTime" : 32.0,
    "pct1ResTime" : 7.0,
    "pct2ResTime" : 7.0,
    "pct3ResTime" : 10.0,
    "throughput" : 51.87671650900214,
    "receivedKBytesPerSec" : 28.374946756433733,
    "sentKBytesPerSec" : 7.362711067032856
  },
  "GET Flight Details" : {
    "transaction" : "GET Flight Details",
    "sampleCount" : 170,
    "errorCount" : 0,
    "errorPct" : 0.0,
    "meanResTime" : 4.635294117647058,
    "medianResTime" : 4.0,
    "minResTime" : 3.0,
    "maxResTime" : 32.0,
    "pct1ResTime" : 5.0,
    "pct2ResTime" : 5.0,
    "pct3ResTime" : 32.0,
    "throughput" : 17.30984624783627,
    "receivedKBytesPerSec" : 6.303357441961104,
    "sentKBytesPerSec" : 2.620142742592404
  },
  "GET Booking History" : {
    "transaction" : "GET Booking History",
    "sampleCount" : 170,
    "errorCount" : 0,
    "errorPct" : 0.0,
    "meanResTime" : 3.647058823529412,
    "medianResTime" : 4.0,
    "minResTime" : 2.0,
    "maxResTime" : 7.0,
    "pct1ResTime" : 4.0,
    "pct2ResTime" : 5.0,
    "pct3ResTime" : 7.0,
    "throughput" : 17.362884281482994,
    "receivedKBytesPerSec" : 10.634766622408334,
    "sentKBytesPerSec" : 2.4586115437646816
  }
}