{
  "GET Ticket" : {
    "transaction" : "GET Ticket",
    "sampleCount" : 170,
    "errorCount" : 0,
    "errorPct" : 0.0,
    "meanResTime" : 6.723529411764703,
    "medianResTime" : 7.0,
    "minResTime" : 5.0,
    "maxResTime" : 9.0,
    "pct1ResTime" : 8.0,
    "pct2ResTime" : 8.0,
    "pct3ResTime" : 9.0,
    "throughput" : 17.37175556918046,
    "receivedKBytesPerSec" : 11.538725602902106,
    "sentKBytesPerSec" : 2.3071862865317803
  },
  "Total" : {
    "transaction" : "Total",
    "sampleCount" : 510,
    "errorCount" : 0,
    "errorPct" : 0.0,
    "meanResTime" : 5.170588235294114,
    "medianResTime" : 4.0,
    "minResTime" : 3.0,
    "maxResTime" : 36.0,
    "pct1ResTime" : 7.0,
    "pct2ResTime" : 8.0,
    "pct3ResTime" : 9.0,
    "throughput" : 51.88199389623601,
    "receivedKBytesPerSec" : 28.379124809257377,
    "sentKBytesPerSec" : 7.3634600712105795
  },
  "GET Flight Details" : {
    "transaction" : "GET Flight Details",
    "sampleCount" : 170,
    "errorCount" : 0,
    "errorPct" : 0.0,
    "meanResTime" : 4.935294117647057,
    "medianResTime" : 4.0,
    "minResTime" : 3.0,
    "maxResTime" : 36.0,
    "pct1ResTime" : 5.0,
    "pct2ResTime" : 6.0,
    "pct3ResTime" : 36.0,
    "throughput" : 17.30984624783627,
    "receivedKBytesPerSec" : 6.305246728948172,
    "sentKBytesPerSec" : 2.620142742592404
  },
  "GET Booking History" : {
    "transaction" : "GET Booking History",
    "sampleCount" : 170,
    "errorCount" : 0,
    "errorPct" : 0.0,
    "meanResTime" : 3.8529411764705865,
    "medianResTime" : 4.0,
    "minResTime" : 3.0,
    "maxResTime" : 6.0,
    "pct1ResTime" : 5.0,
    "pct2ResTime" : 5.0,
    "pct3ResTime" : 6.0,
    "throughput" : 17.373530914665302,
    "receivedKBytesPerSec" : 10.641287685232498,
    "sentKBytesPerSec" : 2.4601191236586613
  }
}