{
  "GET Ticket" : {
    "transaction" : "GET Ticket",
    "sampleCount" : 170,
    "errorCount" : 0,
    "errorPct" : 0.0,
    "meanResTime" : 7.070588235294117,
    "medianResTime" : 7.0,
    "minResTime" : 5.0,
    "maxResTime" : 10.0,
    "pct1ResTime" : 8.0,
    "pct2ResTime" : 9.0,
    "pct3ResTime" : 10.0,
    "throughput" : 17.36643170906119,
    "receivedKBytesPerSec" : 11.535787937991623,
    "sentKBytesPerSec" : 2.3064792113596897
  },
  "Total" : {
    "transaction" : "Total",
    "sampleCount" : 510,
    "errorCount" : 0,
    "errorPct" : 0.0,
    "meanResTime" : 5.2843137254901995,
    "medianResTime" : 4.0,
    "minResTime" : 3.0,
    "maxResTime" : 35.0,
    "pct1ResTime" : 7.900000000000034,
    "pct2ResTime" : 8.0,
    "pct3ResTime" : 10.0,
    "throughput" : 51.86616495474423,
    "receivedKBytesPerSec" : 28.366096626156818,
    "sentKBytesPerSec" : 7.361213515712397
  },
  "GET Flight Details" : {
    "transaction" : "GET Flight Details",
    "sampleCount" : 170,
    "errorCount" : 0,
    "errorPct" : 0.0,
    "meanResTime" : 4.923529411764708,
    "medianResTime" : 4.0,
    "minResTime" : 3.0,
    "maxResTime" : 35.0,
    "pct1ResTime" : 5.0,
    "pct2ResTime" : 5.0,
    "pct3ResTime" : 35.0,
    "throughput" : 17.30456026058632,
    "receivedKBytesPerSec" : 6.298350977198697,
    "sentKBytesPerSec" : 2.6193426175692185
  },
  "GET Booking History" : {
    "transaction" : "GET Booking History",
    "sampleCount" : 170,
    "errorCount" : 0,
    "errorPct" : 0.0,
    "meanResTime" : 3.8588235294117648,
    "medianResTime" : 4.0,
    "minResTime" : 3.0,
    "maxResTime" : 6.0,
    "pct1ResTime" : 4.900000000000006,
    "pct2ResTime" : 5.0,
    "pct3ResTime" : 6.0,
    "throughput" : 17.364657814096017,
    "receivedKBytesPerSec" : 10.635852911133812,
    "sentKBytesPerSec" : 2.458862678753831
  }
}